feature,importance
red_b4,0.31521466755034655
nir_b8,0.2994405364449995
swir_b11,0.33248825344967986
ndvi,0.052856542554974066
