feature,importance
red_b4,0.3150963323238449
nir_b8,0.2993799212381975
swir_b11,0.33321585977233553
ndvi,0.052307886665622014
