feature,importance
red_b4,0.30886204889224167
nir_b8,0.30940425998431015
swir_b11,0.32242192991637114
ndvi,0.05931176120707702
