feature,importance
red_b4,0.30645738059237276
nir_b8,0.31053629703257807
swir_b11,0.33211738864283624
ndvi,0.05088893373221297
